{"accuracy": [0.8746188282966614, 0.9344013333320618, 0.9480964541435242, 0.9556960463523865, 0.9611396193504333, 0.9644443988800049, 0.9666177034378052, 0.9690531492233276, 0.9704123139381409, 0.971305787563324, 0.9722406268119812, 0.9728788137435913, 0.9776117205619812, 0.9788122177124023, 0.9793296456336975, 0.9798333048820496, 0.9796159863471985, 0.9798022508621216, 0.9804232120513916, 0.9811683297157288, 0.9812511205673218, 0.9828862547874451, 0.9832691550254822, 0.9836934804916382, 0.9839453101158142, 0.9841074347496033, 0.9843178391456604, 0.9845524430274963, 0.9851319789886475, 0.9855080246925354], "loss": [0.3424745798110962, 0.18154951930046082, 0.14448104798793793, 0.1233573853969574, 0.10942430794239044, 0.1011684462428093, 0.09521210193634033, 0.08867751806974411, 0.08484572917222977, 0.08260540664196014, 0.07999981939792633, 0.0778859332203865, 0.06428207457065582, 0.06124794855713844, 0.06021083518862724, 0.05841532349586487, 0.058804430067539215, 0.05775813013315201, 0.05640878900885582, 0.05481690913438797, 0.05525803565979004, 0.04946080222725868, 0.048854514956474304, 0.047520920634269714, 0.04733902961015701, 0.04653720185160637, 0.04619285836815834, 0.045544885098934174, 0.043881822377443314, 0.04301387816667557], "val_accuracy": [0.959459662437439, 0.971326470375061, 0.9817720055580139, 0.9812476634979248, 0.9769424796104431, 0.9871948957443237, 0.9893750548362732, 0.9904237389564514, 0.9914310574531555, 0.9908376932144165, 0.9890438914299011, 0.9897338151931763, 0.9910860657691956, 0.9920657873153687, 0.9929351210594177, 0.993611216545105, 0.9917346239089966, 0.9939699769020081, 0.9923555850982666, 0.9929351210594177, 0.993721604347229, 0.9927005171775818, 0.9929212927818298, 0.9942183494567871, 0.9943839311599731, 0.9938458204269409, 0.9939562082290649, 0.993694007396698, 0.9945357441902161, 0.9940527677536011], "val_loss": [0.11271438747644424, 0.08208867162466049, 0.05571960285305977, 0.056640949100255966, 0.06462573260068893, 0.038585320115089417, 0.03551686182618141, 0.035698387771844864, 0.02750483527779579, 0.029333291575312614, 0.03241530805826187, 0.03225450962781906, 0.026690145954489708, 0.02464812807738781, 0.02182503417134285, 0.022886548191308975, 0.023630745708942413, 0.020417962223291397, 0.02359743043780327, 0.02086785063147545, 0.021493906155228615, 0.020954780280590057, 0.020178906619548798, 0.018308181315660477, 0.018037671223282814, 0.018146133050322533, 0.01885775662958622, 0.019722700119018555, 0.01744948700070381, 0.017641311511397362], "learning_rate": [0.0010000000474974513, 0.0010000000474974513, 0.0010000000474974513, 0.0010000000474974513, 0.0010000000474974513, 0.0010000000474974513, 0.0010000000474974513, 0.0010000000474974513, 0.0010000000474974513, 0.0010000000474974513, 0.0010000000474974513, 0.0010000000474974513, 0.0005000000237487257, 0.0005000000237487257, 0.0005000000237487257, 0.0005000000237487257, 0.0005000000237487257, 0.0005000000237487257, 0.0005000000237487257, 0.0005000000237487257, 0.0005000000237487257, 0.0002500000118743628, 0.0002500000118743628, 0.0002500000118743628, 0.0002500000118743628, 0.0002500000118743628, 0.0002500000118743628, 0.0002500000118743628, 0.0001250000059371814, 0.0001250000059371814]}