{"accuracy": [0.6417118310928345, 0.4086979627609253, 0.23155814409255981, 0.5228608846664429, 0.7686488628387451, 0.8113210797309875, 0.8307737112045288, 0.8591815829277039, 0.8767231106758118, 0.8970277905464172, 0.9140242338180542, 0.9267396330833435, 0.9347946047782898, 0.9425597786903381, 0.9485622048377991, 0.952674150466919, 0.9567585587501526, 0.9600012302398682, 0.9629852175712585, 0.9645410180091858, 0.9660347104072571, 0.9689220786094666, 0.9700638651847839, 0.971750795841217, 0.9731444120407104, 0.9754453301429749, 0.9756178259849548, 0.9776945114135742, 0.9784879684448242, 0.9795125126838684], "loss": [0.9397860169410706, 1.3206446170806885, 1.5771722793579102, 1.1738841533660889, 0.6300638914108276, 0.5168775320053101, 0.46960169076919556, 0.39361459016799927, 0.3427979052066803, 0.2916695773601532, 0.24846012890338898, 0.21609896421432495, 0.19302359223365784, 0.17265531420707703, 0.15382452309131622, 0.14307568967342377, 0.13240908086299896, 0.12140971422195435, 0.11335337162017822, 0.1080007329583168, 0.10311255604028702, 0.09533679485321045, 0.09136590361595154, 0.08701498061418533, 0.0836208164691925, 0.0771215409040451, 0.07593917846679688, 0.07016129791736603, 0.0686320960521698, 0.06592157483100891], "val_accuracy": [0.6717721819877625, 0.2804846167564392, 0.33446481823921204, 0.6426846385002136, 0.8071228265762329, 0.8345268964767456, 0.8600267767906189, 0.8801313638687134, 0.8988561034202576, 0.9211822748184204, 0.930813729763031, 0.9351188540458679, 0.9492072463035583, 0.9546025395393372, 0.9584661722183228, 0.9490278959274292, 0.9629507064819336, 0.9623987674713135, 0.959376871585846, 0.9721543788909912, 0.9712022542953491, 0.9760317802429199, 0.9756316542625427, 0.9799643754959106, 0.9797574281692505, 0.9803783297538757, 0.9783775806427002, 0.9810268878936768, 0.9828758835792542, 0.9854700565338135], "val_loss": [0.8410463929176331, 1.5470547676086426, 1.53392493724823, 0.9116589426994324, 0.5148000717163086, 0.4646538496017456, 0.3874831199645996, 0.327350378036499, 0.28538116812705994, 0.2222762405872345, 0.20947040617465973, 0.1887030303478241, 0.15165333449840546, 0.13936369121074677, 0.12581098079681396, 0.15450505912303925, 0.11218145489692688, 0.11571791768074036, 0.1261836737394333, 0.0838460624217987, 0.08644700795412064, 0.07469713687896729, 0.07850014418363571, 0.0641590878367424, 0.06207287684082985, 0.06298306584358215, 0.06554578989744186, 0.05936451256275177, 0.05656757578253746, 0.048279523849487305], "learning_rate": [0.0010000000474974513, 0.0010000000474974513, 0.0010000000474974513, 0.0010000000474974513, 0.0005000000237487257, 0.0005000000237487257, 0.0005000000237487257, 0.0005000000237487257, 0.0005000000237487257, 0.0005000000237487257, 0.0005000000237487257, 0.0005000000237487257, 0.0005000000237487257, 0.0005000000237487257, 0.0005000000237487257, 0.0005000000237487257, 0.0005000000237487257, 0.0005000000237487257, 0.0005000000237487257, 0.0005000000237487257, 0.0005000000237487257, 0.0005000000237487257, 0.0005000000237487257, 0.0005000000237487257, 0.0005000000237487257, 0.0005000000237487257, 0.0005000000237487257, 0.0005000000237487257, 0.0005000000237487257, 0.0005000000237487257]}