{"accuracy": [0.8523857593536377, 0.9075043797492981, 0.9224586486816406, 0.93007892370224, 0.9355535507202148, 0.9404554963111877, 0.9439569115638733, 0.9462405443191528, 0.9486449956893921, 0.9509700536727905, 0.9519842267036438, 0.9541195631027222, 0.9548785090446472, 0.9564929604530334, 0.9577865600585938, 0.9576624035835266, 0.9590457081794739, 0.9596735239028931, 0.9597459435462952, 0.9612741470336914, 0.9623677134513855, 0.9626436829566956, 0.9630369544029236, 0.9639441967010498, 0.964351236820221, 0.964658260345459, 0.965168833732605, 0.965531051158905, 0.9668039679527283, 0.9665521383285522], "loss": [0.40328940749168396, 0.25379061698913574, 0.215404212474823, 0.1951894760131836, 0.18069888651371002, 0.16944122314453125, 0.1602875292301178, 0.15421326458454132, 0.14767901599407196, 0.14231176674365997, 0.13941305875778198, 0.13398073613643646, 0.13205213844776154, 0.12747296690940857, 0.12511636316776276, 0.1234860047698021, 0.11986628919839859, 0.11899082362651825, 0.11796558648347855, 0.11395689845085144, 0.11230520159006119, 0.11159412562847137, 0.11007113754749298, 0.10772565752267838, 0.10660067200660706, 0.10677821189165115, 0.10493945330381393, 0.10425131022930145, 0.10093899071216583, 0.10076508671045303], "val_accuracy": [0.9248113036155701, 0.9448193311691284, 0.9556512236595154, 0.9621779918670654, 0.9647859334945679, 0.9690220952033997, 0.9710366725921631, 0.9718093872070312, 0.9718093872070312, 0.9747760891914368, 0.9783085584640503, 0.9753418564796448, 0.9780877828598022, 0.9798539876937866, 0.9800885915756226, 0.9785431623458862, 0.9824343323707581, 0.9815788269042969, 0.98221355676651, 0.9837038516998291, 0.982241153717041, 0.983345091342926, 0.982448160648346, 0.9815788269042969, 0.9840350151062012, 0.9846973419189453, 0.9861047863960266, 0.9853734374046326, 0.9855252504348755, 0.9870293140411377], "val_loss": [0.20867182314395905, 0.15271374583244324, 0.13069726526737213, 0.11308115720748901, 0.10419101268053055, 0.09605585038661957, 0.09064910560846329, 0.08646348863840103, 0.08349552750587463, 0.07837087661027908, 0.06826072186231613, 0.07290145754814148, 0.06748273968696594, 0.06432793289422989, 0.06146810203790665, 0.06835481524467468, 0.06055904179811478, 0.057509034872055054, 0.05698012560606003, 0.0546896792948246, 0.054724812507629395, 0.05505230650305748, 0.05604470148682594, 0.057756103575229645, 0.050706520676612854, 0.048337165266275406, 0.05025244504213333, 0.04904694855213165, 0.0474449098110199, 0.04610122740268707]}